[
  {
    "id": "1",
    "calendarId": "2",
    "startDate": "2017-07-01",
    "endDate": "2017-07-01",
    "name": "QUAILCOM",
    "tasks": [
      {
        "name": "Task n°1",
        "percent": 0
      },
      {
        "name": "Task n°2",
        "percent": 0
      }
    ]
  },
  {
    "id": "2",
    "calendarId": "2",
    "startDate": "2017-07-01",
    "endDate": "2017-07-01",
    "name": "MEDIFAX",
    "tasks": [
      {
        "name": "Task n°1",
        "percent": 0
      },
      {
        "name": "Task n°2",
        "percent": 0
      }
    ]
  },
  {
    "id": "3",
    "calendarId": "2",
    "startDate": "2017-07-01",
    "endDate": "2017-07-01",
    "name": "ANARCO",
    "tasks": [
      {
        "name": "Task n°1",
        "percent": 0
      },
      {
        "name": "Task n°2",
        "percent": 0
      }
    ]
  },
  {
    "id": "4",
    "calendarId": "2",
    "startDate": "2017-07-01",
    "endDate": "2017-07-01",
    "name": "ERSUM",
    "tasks": [
      {
        "name": "Task n°1",
        "percent": 0
      },
      {
        "name": "Task n°2",
        "percent": 0
      }
    ]
  },
  {
    "id": "5",
    "calendarId": "2",
    "startDate": "2017-07-01",
    "endDate": "2017-07-01",
    "name": "TALENDULA",
    "tasks": [
      {
        "name": "Task n°1",
        "percent": 0
      },
      {
        "name": "Task n°2",
        "percent": 0
      }
    ]
  },
  {
    "id": "6",
    "calendarId": "2",
    "startDate": "2017-07-01",
    "endDate": "2017-07-01",
    "name": "MELBACOR",
    "tasks": [
      {
        "name": "Task n°1",
        "percent": 0
      },
      {
        "name": "Task n°2",
        "percent": 0
      }
    ]
  },
  {
    "id": "7",
    "calendarId": "2",
    "startDate": "2017-07-01",
    "endDate": "2017-07-01",
    "name": "OPTICON",
    "tasks": [
      {
        "name": "Task n°1",
        "percent": 0
      },
      {
        "name": "Task n°2",
        "percent": 0
      }
    ]
  },
  {
    "id": 8,
    "calendarId": 2,
    "startDate": "2017-07-01",
    "endDate": "2017-07-01",
    "name": "KANGLE",
    "tasks": [
      {
        "name": "Task n°1",
        "percent": 0
      },
      {
        "name": "Task n°2",
        "percent": 0
      }
    ]
  }
]