{
  "info": {
    "description": "This is a sample server Petstore server.  You can find out more about     Swagger at [http://swagger.io](http://swagger.io) or on [irc.freenode.net, #swagger](http://swagger.io/irc/).      For this sample, you can use the api key `special-key` to test the authorization     filters.",
    "title": "Swagger Petstore",
    "termsOfService": "http://swagger.io/terms/",
    "contact": {
      "email": "apiteam@swagger.io"
    },
    "license": {
      "name": "Apache 2.0",
      "url": "http://www.apache.org/licenses/LICENSE-2.0.html"
    }
  },
  "securityDefinitions": {
    "global_auth": {
      "type": "oauth2",
      "authorizationUrl": "http://petstore.swagger.io/oauth/dialog",
      "flow": "implicit",
      "scopes": {
        "write:global": "modify pets in your account",
        "read:global": "read your pets"
      }
    },
    "calendar_auth": {
      "type": "oauth2",
      "authorizationUrl": "http://petstore.swagger.io/oauth/dialog",
      "flow": "implicit",
      "scopes": {
        "write:calendar": "modify pets in your account",
        "read:calendar": "read your pets"
      }
    }
  }
}